{"cameraMode":{"drawMode":0,"name":"Shaded","section":"Shading Mode"},"sceneLighting":false,"audioPlay":false,"sceneViewState":{"showFog":true,"showMaterialUpdate":false,"showSkybox":false,"showFlares":true,"showImageEffects":true,"showParticleSystems":true},"in2DMode":false,"pivot":{"x":-18.947555541992189,"y":7.555724620819092,"z":0.2888927459716797},"rotation":{"x":-0.0023197054397314789,"y":0.7132259011268616,"z":-0.002360889920964837,"w":-0.7009239196777344},"size":23.63717269897461,"orthographic":false}