{"cameraMode":{"drawMode":0,"name":"Shaded","section":"Shading Mode"},"sceneLighting":true,"audioPlay":false,"sceneViewState":{"showFog":true,"showMaterialUpdate":false,"showSkybox":true,"showFlares":true,"showImageEffects":true,"showParticleSystems":true},"in2DMode":false,"pivot":{"x":879.3828125,"y":308.56939697265627,"z":-519.462158203125},"rotation":{"x":0.015264914371073246,"y":0.3330623209476471,"z":0.005392363760620356,"w":-0.9427641034126282},"size":525.9121704101563,"orthographic":false}